Region,Node_Name,Node_Type,Connected_Site,Remark
AJDBYA,AJDBGP,FN,AJDBGP,
AJDBYA,AJDBGP,FN,AJDB005,
AJDBYA,AJDBGP,FN,AJDB011,
AJDBYA,AJDBGP,FN,ATLT001,
AJDBYA,AJDBGP,FN,AJDB017,
AJDBYA,AJDBGP,FN,AJDB019,
AJDBYA,AJDBGP,FN,AJDB034,
AJDBYA,AJDBGP,FN,AJDB006,
AJDBYA,AJDBGP,FN,AJDB020,
AJDBYA,AJDB030,FN,AJDB030,
AJDBYA,AJDB030,FN,AJDB044,
AJDBYA,AJDB030,FN,AJDB033,
AJDBYA,AJDB030,FN,AJDB014,
AJDBYA,AJDB030,FN,AJDB022,
AJDBYA,AJDB030,FN,AJDB013,
AJDBYA,AJDB030,FN,AJDB031,
AJDBYA,AJDB033,HUB,AJDB033,
AJDBYA,AJDB033,HUB,AJDB014,
AJDBYA,AJDB033,HUB,AJDB022,
AJDBYA,AJDB013,HUB,AJDB013,
AJDBYA,AJDB013,HUB,AJDB031,
AJDBYA,ZWTNA001,FN,ZWTNA001,
AJDBYA,ZWTNA001,FN,ZWTNA002,
AJDBYA,AJDB028,FN,AJDB028,
AJDBYA,AJDB028,FN,AJDB025,
AJDBYA,AJDB028,FN,AJDB021,
AJDBYA,AJDB017,HUB,AJDB017,
AJDBYA,AJDB017,HUB,AJDB019,
AJDBYA,AJDB005,HUB,AJDB005,
AJDBYA,AJDB005,HUB,ATLT001,
AJDBYA,AJDB005,HUB,AJDB011,
AJDBYA,AJDB029,FN,AJDB029,
AJDBYA,AJDB029,FN,AJDB034,
AJDBYA,AJDB029,FN,AJDB007,
AJDBYA,AJDB029,FN,AJDB001,
AJDBYA,AJDB029,FN,AJDB023,
AJDBYA,AJDB029,FN,AJDB040,
AJDBYA,AJDB007,HUB,AJDB007,
AJDBYA,AJDB007,HUB,AJDB023,
AJDBYA,AJDB007,HUB,AJDB040,
AJDBYA,AJDB034,HUB,AJDB034,
AJDBYA,AJDB034,HUB,AJDB001,
AJDBYA,AJDB003,FN,AJDB003,
AJDBYA,AJDB003,FN,AJDB032,
AJDBYA,AJDB004,FN,AJDB004,
AJDBYA,AJDB004,FN,AJDB024,
AJDBYA,AJDB004,FN,AJDB010,
AJDBYA,AJDB024,HUB,AJDB024,
AJDBYA,AJDB024,HUB,AJDB010,
AJDBYA,AJDB018,FN,AJDB018,
AJDBYA,AJDB018,FN,AJDB002,
AJDBYA,AJDB018,FN,AJDB016,
AJDBYA,AJDB018,FN,AJDB026,
AJDBYA,AJDB018,FN,AJDB009,
AJDBYA,AJDB002,HUB,AJDB002,
AJDBYA,AJDB002,HUB,AJDB016,
AJDBYA,AJDB026,HUB,AJDB026,
AJDBYA,AJDB026,HUB,AJDB009,
AJDBYA,AJDB043,FN,AJDB043,
AJDBYA,AJDB043,FN,AJDB042,
AJDBYA,AJDB043,FN,AJDB041,
AJDBYA,AJDB027,FN,AJDB027,
AJDBYA,AJDB027,FN,AJDB015,
AJDBYA,AJDB027,FN,AJDB012,
AJDBYA,AJDB027,FN,AJDB008,
AJDBYA,STAN001,FN,STAN001,
AJDBYA,STAN001,FN,STAN002,
AJDBYA,STAN001,FN,COAST028,
AJDBYA,STAN001,FN,COAST027,
AJDBYA,STAN001,FN,COAST077,
AJDBYA,STAN001,FN,BDEN001,
AJDBYA,STAN001,FN,COAST127,
AJDBYA,STAN001,FN,COAST063,
AJDBYA,COAST027,HUB,COAST027,
AJDBYA,COAST027,HUB,BDEN001,
AJDBYA,COAST027,HUB,COAST077,
AJDBYA,COAST027,HUB,COAST127,
AJDBYA,COAST077,HUB,COAST077,
AJDBYA,COAST077,HUB,COAST127,
AJDBYA,COASTR2,FN,COASTR2,
AJDBYA,COASTR2,FN,COAST051,
AJDBYA,COASTR2,FN,COAST026,
AJDBYA,COASTR2,FN,COAST076,
AJDBYA,COASTR2,FN,COAST073,
AJDBYA,COAST076,HUB,COAST076,
AJDBYA,COAST076,HUB,COAST073,
ALMARJ,COAST003,FN,COAST003,COAST003 Region
ALMARJ,COAST003,FN,COAST049,
ALMARJ,COAST003,FN,HMDA001,
ALMARJ,COAST003,FN,ABZD001,
ALMARJ,COAST003,FN,FZHA001,
ALMARJ,COAST003,FN,COAST048,
ALMARJ,COAST003,FN,COAST066,
ALMARJ,COAST003,FN,TUKH001,
ALMARJ,COAST003,FN,TUKH002,
ALMARJ,COAST003,FN,MARJ013,
ALMARJ,COAST003,FN,MARJ040,
ALMARJ,MARJ015,FN,MARJ015,
ALMARJ,MARJ013,HUB,MARJ013,
ALMARJ,MARJ013,HUB,MARJ040,
ALMARJ,COAST049,HUB,COAST049,
ALMARJ,COAST049,HUB,HMDA001,
ALMARJ,COAST049,HUB,FZHA001,
ALMARJ,COAST049,HUB,ABZD001,
ALMARJ,COAST048,HUB,COAST048,
ALMARJ,COAST048,HUB,COAST066,
ALMARJ,BHZ002,FN,BHZ002,BHZ Region
ALMARJ,BHZ002,FN,BHZ004,
ALMARJ,BHZ002,FN,BHZ012,
ALMARJ,BHZ002,FN,BHZ011,
ALMARJ,BHZ002,FN,BHZ006,
ALMARJ,BHZ002,FN,MAYS001,
ALMARJ,BHZ002,FN,BHZ017,
ALMARJ,BHZ002,FN,BHZ003,
ALMARJ,BHZ002,FN,BHZ018,
ALMARJ,BHZ002,FN,BHZ008,
ALMARJ,BHZ002,FN,MTNY001,
ALMARJ,BHZ002,FN,MTNY002,
ALMARJ,BHZ002,FN,BHZ013,
ALMARJ,BHZ002,FN,BHZ007,
ALMARJ,BHZ002,FN,MTNYR1,
ALMARJ,BHZ003,HUB,BHZ003,
ALMARJ,BHZ003,HUB,BHZ018,
ALMARJ,MTNY002,HUB,MTNY002,
ALMARJ,MTNY002,HUB,BHZ013,
ALMARJ,BHZ001 To BGZ001,HUB,BHZ001,
ALMARJ,BHZ001 To BGZ001,HUB,BHZ009,
ALMARJ,BHZ001 To BGZ001,HUB,BHZ014,
ALMARJ,BHZ001 To BGZ001,HUB,JERA001,
ALMARJ,BHZ001 To BGZ001,HUB,BHZ010,
ALMARJ,MTNY001,HUB,MTNY001,
ALMARJ,MTNY001,HUB,MTNY002,
ALMARJ,MTNY001,HUB,MTNYR1,
ALMARJ,MTNY001,HUB,BHZ013,
ALMARJ,MARJ019,FN,MARJ019,MARJ Region
ALMARJ,MARJ019,FN,MARJ023,
ALMARJ,MARJ019,FN,MARJ051,
ALMARJ,MARJ019,FN,MARJ050,
ALMARJ,MARJ019,FN,MARJ010,
ALMARJ,MARJ019,FN,MARJ006,
ALMARJ,MARJ019,FN,MARJ020,
ALMARJ,MARJ019,FN,MARJ004,
ALMARJ,MARJ019,FN,MARJ014,
ALMARJ,MARJ019,FN,MARJ026,
ALMARJ,MARJ019,FN,MARJ018,
ALMARJ,MARJ019,FN,MARJ025,
ALMARJ,MARJ019,FN,MARJ024,
ALMARJ,MARJ019,FN,ABZD002,
ALMARJ,MARJ019,FN,MARJ017,
ALMARJ,MARJ019,FN,MARJ009,
ALMARJ,MARJ019,FN,MARJ021,
ALMARJ,MARJ019,FN,MARJ003,
ALMARJ,MARJ019,FN,MARJ029,
ALMARJ,MARJ019,FN,MARJ001,
ALMARJ,MARJ019,FN,MARJ016,
ALMARJ,MARJ019,FN,MARJ041,
ALMARJ,MARJ019,FN,MARJ011,
ALMARJ,MARJ019,FN,MARJ053,
ALMARJ,MARJ019,FN,MARJ030,
ALMARJ,MARJ019,FN,MARJ052,
ALMARJ,MARJ037,FN,MARJ037,
ALMARJ,MARJ037,FN,MARJ012,
ALMARJ,MARJ037,FN,MARJ002,
ALMARJ,MARJ037,FN,MARJ035,
ALMARJ,MARJ037,FN,MARJ036,
ALMARJ,MARJ050,HUB,MARJ050,
ALMARJ,MARJ050,HUB,MARJ029,
ALMARJ,MARJ035,HUB,MARJ035,
ALMARJ,MARJ035,HUB,MARJ036,
ALMARJ,MARJ018,HUB,MARJ018,
ALMARJ,MARJ018,HUB,MARJ017,
ALMARJ,MARJ018,HUB,MARJ024,
ALMARJ,MARJ018,HUB,MARJ009,
ALMARJ,MARJ008,FN,MARJ008,
ALMARJ,MARJ008,FN,MARJ007,
ALMARJ,MARJ008,FN,MARJ022,
ALMARJ,MARJ008,FN,MARJ027,
ALMARJ,MARJ008,FN,MARJ028,
ALMARJ,MARJ008,FN,MARJ039,
ALMARJ,MARJ007,HUB,MARJ007,
ALMARJ,MARJ007,HUB,MARJ039,
ALMARJ,MARJ006,HUB,MARJ006,
ALMARJ,MARJ006,HUB,MARJ020,
ALMARJ,MARJ021,HUB,MARJ021,
ALMARJ,MARJ021,HUB,MARJ003,
ALMARJ,MARJ011,HUB,MARJ011,
ALMARJ,MARJ011,HUB,MARJ053,
ALMARJ,MARJ004,HUB,MARJ004,
ALMARJ,MARJ004,HUB,MARJ014,
ALMARJ,COAST005,FN,COAST005,COAST005 Region
ALMARJ,COAST005,FN,COAST072,
ALMARJ,COAST005,FN,COAST006,
ALMARJ,COAST005,FN,COAST007,
ALMARJ,COAST004,FN,COAST004,
ALMARJ,COAST004,FN,MARJ005,
ALMARJ,COAST004,FN,LAQN001,
ALMARJ,COAST004,FN,COAST071,
ALMARJ,COAST004,FN,BTAH001,
ALMARJ,COAST004,FN,BSUS001,
ALMARJ,COAST004,FN,ANPL001,
ALMARJ,BTAH001,HUB,BTAH001,
ALMARJ,BTAH001,HUB,BSUS001,
ALMARJ,BTAH001,HUB,ANPL001,
ALMARJ,BSUS001,HUB,BSUS001,
ALMARJ,BSUS001,HUB,ANPL001,
ALMARJ,JEDS001,FN,JEDS001,
ALMARJ,JEDS001,FN,BNYA001,
ALMARJ,JEDS001,FN,HRBA001,
ALMARJ,JEDS001,FN,HRBA002,
ALMARJ,JEDS001,FN,MKHR004,
ALMARJ,JEDS001,FN,MKHR003,
ALMARJ,JEDS001,FN,MKHR002,
ALMARJ,HRBA001,HUB,HRBA001,
ALMARJ,HRBA001,HUB,HRBA002,
ALMARJ,HRBA001,HUB,MKHR004,
ALMARJ,HRBA001,HUB,MKHR003,
ALMARJ,HRBA001,HUB,MKHR002,
ALMARJ,COAST072,HUB,COAST072,
ALMARJ,COAST072,HUB,COAST006,
ALMARJ,COAST072,HUB,COAST007,
ALMARJ,COAST006,HUB,COAST006,
ALMARJ,COAST006,HUB,COAST007,
ALMARJ,MKHR004,HUB,MKHR004,
ALMARJ,MKHR004,HUB,MKHR003,
ALMARJ,MKHR004,HUB,MKHR002,
ALMARJ,MKHR003,HUB,MKHR003,
ALMARJ,MKHR003,HUB,MKHR002,
BGZ,BGZ005,FN,BGZ005,BGZ005 FN Sites
BGZ,BGZ005,FN,BGZ193,
BGZ,BGZ005,FN,BGZ062,
BGZ,BGZ005,FN,BGZ041,
BGZ,BGZ005,FN,BGZ145,
BGZ,BGZ005,FN,BGZ064,
BGZ,BGZ005,FN,BGZ039,
BGZ,BGZ005,FN,BGZ037,
BGZ,BGZ005,FN,BGZ114,
BGZ,BGZ005,FN,BGZ117,
BGZ,BGZ005,FN,BGZ161,
BGZ,BGZ005,FN,BGZ259,
BGZ,BGZ005,FN,BGZ043,
BGZ,BGZ040,FN,BGZ040,
BGZ,BGZ040,FN,BGZ099,
BGZ,BGZ040,FN,BGZ221,
BGZ,BGZ040,FN,BGZ197,
BGZ,BGZ040,FN,BGZ164,
BGZ,BGZ040,FN,BGZ182,
BGZ,BGZ040,FN,BGZ057,
BGZ,BGZ040,FN,BGZ185,
BGZ,BGZ040,FN,BGZ175,
BGZ,BGZ040,FN,BGZ231,
BGZ,BGZ040,FN,BGZ220,
BGZ,BGZ040,FN,BGZ240,
BGZ,BGZ040,FN,BGZ234,
BGZ,BGZ040,FN,BGZ269,
BGZ,BGZ040,FN,BGZ241,
BGZ,BGZ221,HUB,BGZ221,
BGZ,BGZ221,HUB,BGZ240,
BGZ,BGZ221,HUB,BGZ197,
BGZ,BGZ185,HUB,BGZ185,
BGZ,BGZ185,HUB,BGZ175,
BGZ,BGZ220,HUB,BGZ220,
BGZ,BGZ220,HUB,BGZ231,
BGZ,BGZ220,HUB,BGZ182,
BGZ,BGZ064,HUB,BGZ064,
BGZ,BGZ064,HUB,BGZ039,
BGZ,BGZ064,HUB,BGZ037,
BGZ,BGZ064,HUB,BGZ117,
BGZ,BGZ062,HUB,BGZ062,
BGZ,BGZ062,HUB,BGZ041,
BGZ,BGZ011,FN,BGZ011,BGZ011 FN Sites
BGZ,BGZ011,FN,BGZ226,
BGZ,BGZ011,FN,BGZ034,
BGZ,BGZ011,FN,BGZ146,
BGZ,BGZ011,FN,BGZ142,
BGZ,BGZ011,FN,BGZ159,
BGZ,BGZ011,FN,BGZ082,
BGZ,BGZ011,FN,BGZ095,
BGZ,BGZ011,FN,BGZ217,
BGZ,BGZ011,FN,BGZ137,
BGZ,BGZ011,FN,BGZ103,
BGZ,BGZ011,FN,BGZ050,
BGZ,BGZ011,FN,BGZ094,
BGZ,BGZ011,FN,BGZ184,
BGZ,BGZ011,FN,BGZ183,
BGZ,BGZ011,FN,BGZ044,
BGZ,BGZ183,HUB,BGZ183,
BGZ,BGZ183,HUB,BGZ184,
BGZ,BGZ034,HUB,BGZ034,
BGZ,BGZ034,HUB,BGZ146,
BGZ,BGZ142,HUB,BGZ142,
BGZ,BGZ142,HUB,BGZ115,
BGZ,BGZ035,FN,BGZ035,
BGZ,BGZ035,FN,BGZ118,
BGZ,BGZ035,FN,BGZ063,
BGZ,BGZ165,FN,BGZ165,
BGZ,BGZ165,FN,BGZ160,
BGZ,BGZ165,FN,BHZ005,
BGZ,BGZ165,FN,BGZ239,
BGZ,BGZ165,FN,BGZ218,
BGZ,BGZ165,FN,BGZ201,
BGZ,BGZ165,FN,BGZ196,
BGZ,BGZ165,FN,BGZ190,
BGZ,BGZ082,HUB,BGZ082,
BGZ,BGZ082,HUB,BGZ095,
BGZ,BGZ103,HUB,BGZ103,
BGZ,BGZ103,HUB,BGZ050,
BGZ,BGZ094,HUB,BGZ094,
BGZ,BGZ094,HUB,BGZ044,
BGZ,BGZ051,FN,BGZ051,BGZ051 FN Sites
BGZ,BGZ051,FN,BGZ216,
BGZ,BGZ051,FN,BGZ030,
BGZ,BGZ051,FN,BGZ088,
BGZ,BGZ051,FN,BGZ215,
BGZ,BGZ051,FN,BGZ169,
BGZ,BGZ051,FN,BGZ047,
BGZ,BGZ051,FN,BGZ245,
BGZ,BGZ051,FN,BGZ087,
BGZ,BGZ051,FN,BGZ212,
BGZ,BGZ051,FN,BGZ020,
BGZ,BGZ051,FN,BGZ081,
BGZ,BGZ051,FN,BGZ139,
BGZ,BGZ051,FN,BGZ230,
BGZ,BGZ051,FN,BGZ203,
BGZ,BGZ051,FN,BGZ058,
BGZ,BGZ051,FN,BGZ213,
BGZ,BGZ051,FN,BGZ243,
BGZ,BGZ051,FN,BGZ152,
BGZ,BGZ051,FN,BGZ242,
BGZ,BGZ051,FN,BGZ097,
BGZ,BGZ093,FN,BGZ093,
BGZ,BGZ093,FN,BGZ089,
BGZ,BGZ093,FN,BGZ014,
BGZ,BGZ093,FN,BGZ210,
BGZ,BGZ093,FN,BGZ100,
BGZ,BGZ093,FN,BGZ059,
BGZ,BGZ093,FN,BGZ200,
BGZ,BGZ216,HUB,BGZ216,
BGZ,BGZ216,HUB,BGZ243,
BGZ,BGZ169,HUB,BGZ169,
BGZ,BGZ169,HUB,BGZ047,
BGZ,BGZ087,HUB,BGZ087,
BGZ,BGZ087,HUB,BGZ212,
BGZ,BGZ020,HUB,BGZ020,
BGZ,BGZ020,HUB,BGZ081,
BGZ,BGZ020,HUB,BGZ139,
BGZ,BGZ230,HUB,BGZ230,
BGZ,BGZ230,HUB,BGZ203,
BGZ,BGZ058,HUB,BGZ058,
BGZ,BGZ058,HUB,BGZ213,
BGZ,BGZ058,HUB,BGZ208,
BGZ,BGZ152,HUB,BGZ152,
BGZ,BGZ152,HUB,BGZ097,
BGZ,BGZ060,FN,BGZ060,BGZ060 FN Sites
BGZ,BGZ060,FN,BGZ107,
BGZ,BGZ060,FN,BGZ003,
BGZ,BGZ060,FN,BGZ015,
BGZ,BGZ060,FN,BGZ131,
BGZ,BGZ060,FN,BHZ016,
BGZ,BGZ060,FN,BGZ123,
BGZ,BGZ060,FN,BGZ228,
BGZ,BGZ123,HUB,BGZ123,
BGZ,BGZ123,HUB,BHZ016,
BGZ,BGZ160,HUB,BGZ160,
BGZ,BGZ160,HUB,BGZ239,
BGZ,BGZ160,HUB,BHZ005,
BGZ,BGZ160,HUB,BGZ201,
BGZ,BGZ015,HUB,BGZ015,
BGZ,BGZ015,HUB,BGZ131,
BGZ,COAST191,FN,COAST191,
BGZ,COAST191,FN,BGZ121,
BGZ,COAST191,FN,BGZ177,
BGZ,COAST191,FN,QWRS001,
BGZ,COAST191,FN,BGZ232,
BGZ,COAST191,FN,BGZ254,
BGZ,COAST191,FN,BGZ244,
BGZ,COAST191,FN,BGZ023,
BGZ,COAST024,FN,COAST024,
BGZ,COAST024,FN,COAST208,
BGZ,COAST024,FN,UMSF001,
BGZ,COAST024,FN,BGZ227,
BGZ,COAST024,FN,BGZ119,
BGZ,COAST024,FN,JADN001,
BGZ,COAST024,FN,BGZ104,
BGZ,COAST024,FN,BGZ128,
BGZ,COAST024,FN,BGZ248,
BGZ,COAST024,FN,BGZ247,
BGZ,COAST024,FN,BGZ127,
BGZ,COAST024,FN,SMAS001,
BGZ,COAST024,FN,BGZ105,
BGZ,QWRS001,HUB,QWRS001,
BGZ,QWRS001,HUB,BGZ232,
BGZ,QWRS001,HUB,BGZ254,
BGZ,QWRS001,HUB,BGZ023,
BGZ,BGZ232,HUB,BGZ232,
BGZ,BGZ232,HUB,BGZ254,
BGZ,COAST208,HUB,COAST208,
BGZ,COAST208,HUB,UMSF001,
BGZ,COAST208,HUB,BGZ227,
BGZ,COAST208,HUB,BGZ119,
BGZ,SMAS001,HUB,SMAS001,
BGZ,SMAS001,HUB,BGZ105,
BGZ,BGZ128,HUB,BGZ128,
BGZ,BGZ128,HUB,JADN001,
BGZ,BGZ130,FN,BGZ130,
BGZ,BGZ130,FN,BGZ129,
BGZ,BGZ130,FN,COAST191,
BGZ,BGZ130,FN,BGZ121,
BGZ,BGZ130,FN,BGZ177,
BGZ,BGZ130,FN,BGZ244,
BGZ,BGZ130,FN,QWRS001,
BGZ,BGZ130,FN,BGZ023,
BGZ,BGZ130,FN,BGZ232,
BGZ,BGZ130,FN,BGZ254,
BGZ,BGZ204,FN,BGZ204,BGZ204 FN
BGZ,BGZ204,FN,BGZ172,
BGZ,BGZ204,FN,BGZ073,
BGZ,BGZ204,FN,BGZ002 (FTTS),
BGZ,BGZ204,FN,BGZ071 (FTTS),
BGZ,BGZ204,FN,BGZ096,
BGZ,BGZ204,FN,BGZ171,
BGZ,BGZ204,FN,BGZ036,
BGZ,BGZ204,FN,BGZ214,
BGZ,BGZ204,FN,BGZ250,
BGZ,BGZ204,FN,BGZ067 (FTTS),
BGZ,BGZ204,FN,BGZ195,
BGZ,BGZ204,FN,BGZ202,
BGZ,BGZ204,FN,BGZ166,
BGZ,BGZ172,HUB,BGZ172,
BGZ,BGZ172,HUB,BGZ073,
BGZ,BGZ002 (FTTS),HUB,BGZ002 (FTTS),
BGZ,BGZ002 (FTTS),HUB,BGZ071 (FTTS),
BGZ,BGZ096,HUB,BGZ096,
BGZ,BGZ096,HUB,BGZ171,
BGZ,BGZ096,HUB,BGZ036,
BGZ,BGZ096,HUB,BGZ214,
BGZ,BGZ067 (FTTS),HUB,BGZ067 (FTTS),
BGZ,BGZ067 (FTTS),HUB,BGZ202,
BGZ,BGZ067 (FTTS),HUB,BGZ166,
BGZ,BGZ191,FN,BGZ191,BGZ191 FN Site
BGZ,BGZ066,FN,BGZ066,BGZ066 FN Site
BGZ,BGZ066,FN,BGZ192,
BGZ,BGZ066,FN,BGZ042,
BGZ,BGZ066,FN,BGZ017 (FTTS),
BGZ,BGZ066,FN,BGZ065,
BGZ,BGZ066,FN,BGZ189,
BGZ,BGZ066,FN,BGZ219,
BGZ,BGZ066,FN,BGZ207,
BGZ,BGZ066,FN,BGZ186,
BGZ,BGZ065,HUB,BGZ065,
BGZ,BGZ065,HUB,BGZ219,
BGZ,BGZ076,FN,BGZ076,BGZ076 FN Site
BGZ,BGZ076,FN,BGZ022,
BGZ,BGZ076,FN,BGZ170,
BGZ,BGZ076,FN,BGZ092,
BGZ,BGZ076,FN,BGZ085,
BGZ,BGZ076,FN,BGZ032,
BGZ,BGZ076,FN,BGZ176,
BGZ,BGZ076,FN,BGZ222,
BGZ,BGZ076,FN,BGZ111,
BGZ,BGZ076,FN,BGZ046,
BGZ,BGZ022,HUB,BGZ022,
BGZ,BGZ022,HUB,BGZ170,
BGZ,BGZ092,HUB,BGZ092,
BGZ,BGZ092,HUB,BGZ085,
BGZ,BGZ176,HUB,BGZ176,
BGZ,BGZ176,HUB,BGZ222,
BGZ,BGZ027,FN,BGZ027,BGZ027 FN
BGZ,BGZ027,FN,BGZ074,
BGZ,BGZ027,FN,BGZ140,
BGZ,BGZ027,FN,BGZ098 (FTTS),
BGZ,BGZ027,FN,BGZ009,
BGZ,BGZ027,FN,BGZ053,
BGZ,BGZ027,FN,BGZ147,
BGZ,BGZ027,FN,BGZ026,
BGZ,BGZ027,FN,BGZ256,
BGZ,BGZ027,FN,BGZ178 (FTTS),
BGZ,BGZ027,FN,BGZ141,
BGZ,BGZ027,FN,BGZ251,
BGZ,BGZ027,FN,BGZ075 (FTTS),
BGZ,BGZ027,FN,BGZ143,
BGZ,BGZ027,FN,BGZ144,
BGZ,BGZ027,FN,BGZ029,
BGZ,BGZ074,HUB,BGZ074,
BGZ,BGZ074,HUB,BGZ140,
BGZ,BGZ098 (FTTS),HUB,BGZ098 (FTTS),
BGZ,BGZ098 (FTTS),HUB,BGZ009,
BGZ,BGZ053,HUB,BGZ053,
BGZ,BGZ053,HUB,BGZ147,
BGZ,BGZ053,HUB,BGZ026,
BGZ,BGZ053,HUB,BGZ178,
BGZ,BGZ141,HUB,BGZ141,
BGZ,BGZ141,HUB,BGZ075,
BGZ,BGZ141,HUB,BGZ143,
BGZ,BGZ144,HUB,BGZ144,
BGZ,BGZ144,HUB,BGZ029,
BGZ,BGZ008,FN,BGZ008,BGZ008 FN 
BGZ,BGZ008,FN,BGZ078,
BGZ,BGZ008,FN,BGZ211,
BGZ,BGZ008,FN,BGZ052 (FTTS),
BGZ,BGZ008,FN,BGZ158,
BGZ,BGZ008,FN,BGZ024,
BGZ,BGZ008,FN,BGZ253,
BGZ,BGZ008,FN,BGZ072,
BGZ,BGZ008,FN,BGZ155,
BGZ,BGZ008,FN,BGZ154,
BGZ,BGZ052 (FTTS),HUB,BGZ052 (FTTS),
BGZ,BGZ052 (FTTS),HUB,BGZ158,
BGZ,BGZ024,HUB,BGZ024,
BGZ,BGZ024,HUB,BGZ072,
BGZ,BGZ024,HUB,BGZ155,
BGZ,BGZ090,FN,BGZ090,BGZ090 FN Site
BGZ,BGZ090,FN,BGZ179,
BGZ,BGZ090,FN,BGZ225,
BGZ,BGZ090,FN,BGZ233,
BGZ,BGZ090,FN,BGZ262,
BGZ,BGZ090,FN,BGZ134,
BGZ,BGZ090,FN,BGZ116,
BGZ,BGZ090,FN,BGZ125,
BGZ,BGZ090,FN,BGZ135,
BGZ,BGZ090,FN,BGZ180,
BGZ,BGZ090,FN,BGZ223,
BGZ,BGZ090,FN,BGZ124,
BGZ,BGZ090,FN,BGZ136,
BGZ,BGZ090,FN,BGZ246,
BGZ,BGZ090,FN,BGZ257,
BGZ,BGZ090,FN,BGZ133,
BGZ,BGZ090,FN,BGZ229,
BGZ,BGZ013,FN,BGZ013,
BGZ,BGZ013,FN,BGZ208,
BGZ,BGZ013,FN,BGZ_Pole,
BGZ,BGZ013,FN,BGZ263,
BGZ,BGZ133,HUB,BGZ133,
BGZ,BGZ133,HUB,BGZ246,
BGZ,BGZ233,HUB,BGZ233,
BGZ,BGZ233,HUB,BGZ262,
BGZ,BGZ179,HUB,BGZ179,
BGZ,BGZ179,HUB,BGZ225,
BGZ,BGZ126,FN,BGZ126,
BGZ,BGZ126,FN,BGZ138,
BGZ,BGZ126,FN,BGZ260,
BGZ,BGZ126,FN,COAST046,
BGZ,BGZ124,HUB,BGZ124,
BGZ,BGZ124,HUB,BGZ136,
BGZ,BGZ125,HUB,BGZ125,
BGZ,BGZ125,HUB,BGZ257,
BGZ,BGZ125,HUB,BGZ135,
BGZ,BGZ077,FN,BGZ077,BGZ077 FN Site
BGZ,BGZ077,FN,BGZ025,
BGZ,BGZ077,FN,BGZ055 (FTTS),
BGZ,BGZ077,FN,BGZ157,
BGZ,BGZ077,FN,BGZ007,
BGZ,BGZ077,FN,BGZ163,
BGZ,BGZ077,FN,BGZ162,
BGZ,BGZ077,FN,BGZ148,
BGZ,BGZ077,FN,BGZ079,
BGZ,BGZ077,FN,BGZ091 (FTTS),
BGZ,BGZ077,FN,BGZ010,
BGZ,BGZ077,FN,BGZ016,
BGZ,BGZ025,HUB,BGZ025,
BGZ,BGZ025,HUB,BGZ055,
BGZ,BGZ025,HUB,BGZ157,
BGZ,BGZ025,HUB,BGZ007,
BGZ,BGZ055 (FTTS),HUB,BGZ055 (FTTS),
BGZ,BGZ055 (FTTS),HUB,BGZ157,
BGZ,BGZ163,HUB,BGZ163,
BGZ,BGZ163,HUB,BGZ162,
BGZ,SELMANI,FN,SELMANI,SELMANI FN Site
BGZ,SELMANI,FN,BGZ084,
BGZ,SELMANI,FN,BGZ150,
BGZ,SELMANI,FN,BGZ106,
BGZ,SELMANI,FN,BGZ151,
BGZ,SELMANI,FN,BGZ028,
BGZ,SELMANI,FN,BGZ012,
BGZ,SELMANI,FN,BGZ048,
BGZ,SELMANI,FN,BGZ101,
BGZ,SELMANI,FN,BGZ080,
BGZ,SELMANI,FN,BGZ049,
BGZ,SELMANI,FN,BGZ112,
BGZ,SELMANI,FN,BGZ209,
BGZ,SELMANI,FN,BGZ102,
BGZ,SELMANI,FN,BGZ033,
BGZ,BGZ019,FN,BGZ019,
BGZ,BGZ020,FN,BGZ168,
BGZ,BGZ021,FN,BGZ083,
BGZ,BGZ022,FN,BGZ033 (SELMANI),
BGZ,BGZ023,FN,BGZ102 ( SELMANI),
BGZ,BGZ021,FN,BGZ021,
BGZ,BGZ150,HUB,BGZ150,
BGZ,BGZ150,HUB,BGZ106,
BGZ,BGZ151,HUB,BGZ151,
BGZ,BGZ151,HUB,BGZ028,
BGZ,BGZ012,HUB,BGZ012,
BGZ,BGZ012,HUB,BGZ048,
BGZ,BGZ012,HUB,BGZ101,
BGZ,BGZ080,HUB,BGZ080,
BGZ,BGZ080,HUB,BGZ049,
BGZ,BGZ080,HUB,BGZ112,
BGZ,BGZ168,HUB,BGZ168,
BGZ,BGZ168,HUB,BGZ083,
BGZ,BGZ168,HUB,BGZ102,
BGZ,BGZ168,HUB,BGZ033,
BGZ,BGZ083,HUB,BGZ083,
BGZ,BGZ083,HUB,BGZ102,
BGZ,COAST001,FN,COAST001,
BGZ,COAST001,FN,COAST047,
BGZ,COAST001,FN,COAST064,
BGZ,COAST001,FN,COAST098,
BGZ,COAST001,FN,COAST099,
BGZ,COAST001,FN,BGZ149,
BGZ,COAST001,FN,COAST002,
BGZ,BGZ001,FN,BGZ001,BGZ001 FN Site
BGZ,BGZ001,FN,BGZ069,
BGZ,BGZ001,FN,BGZ018 (FTTS),
BGZ,BGZ001,FN,BGZ070,
BGZ,BGZ001,FN,BGZ110,
BGZ,BGZ001,FN,BGZ045,
BGZ,BGZ001,FN,BGZ206,
BGZ,BGZ001,FN,BGZ132,
BGZ,BGZ001,FN,BGZ181 (FTTS),
BGZ,BGZ001,FN,BGZ156 (FTTS),
BGZ,BGZ001,FN,BGZ056 (FTTS),
BGZ,BGZ001,FN,BGZ004,
BGZ,BGZ001,FN,BGZ108,
BGZ,BGZ001,FN,BGZ068,
BGZ,BGZ001,FN,BGZ167 (FTTS),
BGZ,BGZ001,FN,BGZ113,
BGZ,BGZ001,FN,BGZ270,
BGZ,BGZ001,FN,BGZ054,
BGZ,BGZ001,FN,BGZ109,
BGZ,BGZ001,FN,BGZ038,
BGZ,BGZ001,FN,BGZ153,
BGZ,BGZ001,FN,BGZ061,
BGZ,BGZ001,FN,BGZ194,
BGZ,SLOG003,FN,SLOG003,
BGZ,SLOG003,FN,BGZ249,
BGZ,SLOG003,FN,BGZ238,
BGZ,SLOG003,FN,SLOG004,
BGZ,BGZ056 (FTTS),HUB,BGZ056 (FTTS),
BGZ,BGZ056 (FTTS),HUB,BGZ108,
BGZ,BGZ056 (FTTS),HUB,BGZ004,
BGZ,BGZ068,HUB,BGZ068,
BGZ,BGZ068,HUB,BGZ167,
BGZ,BGZ249,HUB,BGZ249,
BGZ,BGZ249,HUB,BGZ238,
BGZ,BGZ070,HUB,BGZ070,
BGZ,BGZ070,HUB,BGZ110,
BGZ,BGZ181 (FTTS),HUB,BGZ181 (FTTS),
BGZ,BGZ181 (FTTS),HUB,BGZ156,
BGZ,BGZ113,HUB,BGZ113,
BGZ,BGZ113,HUB,BGZ054,
BGZ,BGZ188,HUB,BGZ188,
BGZ,BGZ188,HUB,BGZ224,
BGZ,BGZ236,HUB,BGZ236,
BGZ,BGZ236,HUB,BGZ237,
BGZ,BGZ187,HUB,BGZ187,
BGZ,BGZ187,HUB,BGZ198,
BGZ,BGZ069,HUB,BGZ069,
BGZ,BGZ069,HUB,BGZ018,
BGZ,BGZ120,FN,BGZ120,
BGZ,BGZ120,FN,BGZ235,
BGZ,BGZ120,FN,BGZ187,
BGZ,BGZ120,FN,BGZ198,
BGZ,BGZ120,FN,BGZ006,
BGZ,BGZ120,FN,BGZ188,
BGZ,BGZ120,FN,BGZ224,
BGZ,BGZ120,FN,BGZ174,
BGZ,BGZ120,FN,BGZ173,
BGZ,BGZ120,FN,BGZ236,
BGZ,BGZ120,FN,BGZ255,
BGZ,BGZ120,FN,BGZ237,
BGZ,BGZ120,FN,BGZ205,
BGZ,BGZ120,FN,BGZ122,
BGZ,BGZ120,FN,BGZ261,
BRYQA,BRYQ004,FN,BRYQ004,BRYQA004
BRYQA,BRYQ004,FN,COAST029,
BRYQA,BRYQ004,FN,BRYQ005,
BRYQA,BRYQ004,FN,COAST061,
BRYQA,BRYQ004,FN,COAST189,
BRYQA,BRYQ004,FN,BRYQ007,
BRYQA,BRYQ004,FN,BRYQ010,
BRYQA,COAST029,HUB,COAST029,
BRYQA,COAST029,HUB,BRYQ005,
BRYQA,COAST061,HUB,COAST061,
BRYQA,COAST061,HUB,COAST189,
BRYQA,BRYQ001,FN,BRYQ001,BRYQA001
BRYQA,BRYQ001,FN,BRYQ006,
BRYQA,BRYQ001,FN,BRYQ002,
BRYQA,BRYQ001,FN,BRYQ003,
BRYQA,BRYQ006,HUB,BRYQ006,
BRYQA,BRYQ006,HUB,BRYQ002,
BRYQA,BSHR001,FN,BSHR001,BSHR001
BRYQA,BSHR001,FN,COAST030,
BRYQA,RAGB001,FN,RAGB001,RAGB001
BRYQA,RAGB001,FN,MRDH001,
BRYQA,TAHD001,FN,TAHD001,TAHD001
BRYQA,TAHD001,FN,HTAB001,
SHAT,SHATGP,FN,SHATGP,SHAT Region
SHAT,SHATGP,FN,SHAT010,
SHAT,SHATGP,FN,BYDA006,
SHAT,SHATGP,FN,COAST210,
SHAT,SHATGP,FN,SHAT002,
SHAT,SHATGP,FN,SHAT004,
SHAT,SHATGP,FN,BYDA-R2,
SHAT,SHATGP,FN,COAST126,
SHAT,SHATGP,FN,SHAT003,
SHAT,SHATGP,FN,SHAT001,
SHAT,BYDA007,FN,BYDA007,
SHAT,BYDA008,FN,SHAT005,
SHAT,BYDA009,FN,COAST197,
SHAT,BYDA010,FN,BYDA008 (FTTS),
SHAT,BYDA011,FN,BYDA029,
SHAT,BYDA012,FN,BYDA037,
SHAT,BYDA013,FN,BYDA045,
SHAT,BYDA014,FN,BYDA036,
SHAT,BYDA008 (FTTS),HUB,BYDA008 (FTTS),
SHAT,BYDA008 (FTTS),HUB,BYDA029,
SHAT,BYDA008 (FTTS),HUB,BYDA036,
SHAT,SHAT005,HUB,SHAT005,
SHAT,SHAT005,HUB,COAST197,
SHAT,COAST199,HUB,COAST199,
SHAT,COAST199,HUB,COAST209,
SHAT,COAST009,FN,COAST009,
SHAT,COAST009,FN,BYDA011,
SHAT,COAST009,FN,COAST199,
SHAT,COAST009,FN,COAST209,
SHAT,COAST009,FN,COAST124,
SHAT,COAST009,FN,COAST010,
SHAT,SHAT002,HUB,SHAT002,
SHAT,SHAT002,HUB,SHAT004,
SHAT,SUSA001,FN,SUSA001,
SHAT,SUSA001,FN,SUSA002,
SHAT,BYDAR2,HUB,BYDA-R2,
SHAT,BYDAR2,HUB,SHAT003,
SHAT,BYDAR2,HUB,COAST126,
BYDA,BYDA017,FN,BYDA017,BYDA Region
BYDA,BYDA017,FN,BYDA051,
BYDA,BYDA017,FN,BYDA054,
BYDA,BYDA017,FN,BYDA018 (FTTS),
BYDA,BYDA017,FN,BYDA010,
BYDA,BYDA017,FN,BYDA021,
BYDA,BYDA017,FN,BYDA015,
BYDA,BYDA017,FN,BYDA047,
BYDA,BYDA017,FN,BYDA033,
BYDA,BYDA017,FN,BYDA024,
BYDA,BYDA017,FN,BYDA041,
BYDA,BYDA017,FN,BYDA042,
BYDA,BYDA017,FN,BYDA043,
BYDA,BYDA017,FN,BYDA053,
BYDA,BYDA017,FN,BYDA048,
BYDA,BYDA017,FN,BYDA019,
BYDA,BYDA017,FN,BYDA034,
BYDA,BYDA017,FN,BYDA004,
BYDA,BYDA017,FN,BYDA023 (FTTS),
BYDA,BYDA017,FN,BYDA003,
BYDA,BYDA017,FN,COAST201,
BYDA,BYDA017,FN,BYDA020,
BYDA,BYDA017,FN,BYDA001,
BYDA,BYDA017,FN,BYDA030,
BYDA,BYDA017,FN,BYDA032,
BYDA,BYDA017,FN,BYDA002,
BYDA,BYDA017,FN,BYDA052,
BYDA,BYDA017,FN,BYDA005,
BYDA,BYDA017,FN,BYDA031 (FTTS),
BYDA,BYDA017,FN,BYDA050,
BYDA,BYDA017,FN,BYDA022,
BYDA,BYDA017,FN,BYDA049,
BYDA,BYDA017,FN,BYDA040,
BYDA,BYDA017,FN,BYDA038,
BYDA,BYDA017,FN,BYDA039,
BYDA,BYDA009,FN,BYDA009,
BYDA,BYDA009,FN,BYDA035,
BYDA,BYDA009,FN,BYDA025,
BYDA,BYDA009,FN,MKHT001,
BYDA,BYDA009,FN,BYDA016,
BYDA,BYDA009,FN,AGFT001,
BYDA,BYDA009,FN,BYDA028,
BYDA,BYDA009,FN,HDED001,
BYDA,BYDA009,FN,COAST008,
BYDA,BYDA009,FN,MESA-R1,
BYDA,BYDA009,FN,WAST001,
BYDA,BYDA009,FN,UQUB001,
BYDA,BYDA009,FN,COAST200,
BYDA,BYDA009,FN,BYDA044,
BYDA,BYDA009,FN,HAMA001,
BYDA,AGFT001,HUB,AGFT001,
BYDA,AGFT001,HUB,BYDA028,
BYDA,AGFT001,HUB,HDED001,
BYDA,AGFT001,HUB,COAST008,
BYDA,HDED001,HUB,HDED001,
BYDA,HDED001,HUB,COAST008,
BYDA,MESA-R1,HUB,MESA-R1,
BYDA,MESA-R1,HUB,COAST200,
BYDA,MESA-R1,HUB,BYDA044,
BYDA,MESA-R1,HUB,WAST001,
BYDA,MESA-R1,HUB,UQUB001,
BYDA,MESA-R1,HUB,HAMA001,
BYDA,UQUB001,HUB,UQUB001,
BYDA,UQUB001,HUB,HAMA001,
BYDA,BYDA021,HUB,BYDA021,
BYDA,BYDA021,HUB,BYDA015,
BYDA,BYDA021,HUB,BYDA047,
BYDA,BYDA031 (FTTS),HUB,BYDA031 (FTTS),
BYDA,BYDA031 (FTTS),HUB,BYDA050,
BYDA,BYDA034,HUB,BYDA034,
BYDA,BYDA034,HUB,BYDA004,
BYDA,BYDA023 (FTTS),HUB,BYDA023 (FTTS),
BYDA,BYDA023 (FTTS),HUB,BYDA003,
BYDA,COAST200,HUB,COAST200,
BYDA,COAST200,HUB,BYDA044,
BYDA,BYDA030,HUB,BYDA030,
BYDA,BYDA030,HUB,BYDA032,
BYDA,BYDA048,HUB,BYDA048,
BYDA,BYDA048,HUB,BYDA019,
BYDA,BYDA018 (FTTS),HUB,BYDA018 (FTTS),
BYDA,BYDA018 (FTTS),HUB,BYDA010,
BYDA,BYDA020,HUB,BYDA020,
BYDA,BYDA020,HUB,BYDA001,
BYDA,BYDA033,HUB,BYDA033,
BYDA,BYDA033,HUB,BYDA024,
BYDA,BYDA033,HUB,BYDA053,
BYDA,BYDA012,FN,BYDA012,
BYDA,BYDA012,FN,GRDS001,
BYDA,BYDA012,FN,BYDA013,
BYDA,BYDA012,FN,BYDA027,
BYDA,BYDA012,FN,MHTA001,
BYDA,BYDA013,HUB,BYDA013,
BYDA,BYDA013,HUB,JHAD001,
BYDA,BYDA013,HUB,BYDA027,
BYDA,BYDA013,HUB,BYDA014,
BYDA,BYDA013,HUB,BYDA026,
BYDA,BYDA027,HUB,BYDA027,
BYDA,BYDA027,HUB,JHAD001,
BYDA,BYDA014,FN,BYDA014,
BYDA,BYDA014,FN,JHAD001,
BYDA,BYDA014,FN,BYDA026,
KUFRA,KUFRAGP,FN,KUFRAGP,
KUFRA,KUFRAGP,FN,KUFR002,
KUFRA,KUFRAGP,FN,KUFR004,
KUFRA,KUFRAGP,FN,KUFR012,
KUFRA,KUFRAGP,FN,KUFR001,
KUFRA,KUFRAGP,FN,KUFR003,
KUFRA,KUFRAGP,FN,KUFR013,
KUFRA,KUFRAGP,FN,KUFR011,
KUFRA,KUFRAGP,FN,KUFR010,
KUFRA,KUFR002,HUB,KUFR002,
KUFRA,KUFR002,HUB,KUFR012,
KUFRA,KUFR002,HUB,KUFR004,
KUFRA,KUFR001,HUB,KUFR001,
KUFRA,KUFR001,HUB,KUFR003,
KUFRA,KUFR011,HUB,KUFR011,
KUFRA,KUFR011,HUB,KUFR010,
DARN,DARN002,FN,DARN026,
DARN,DARN002,FN,DARN027,
DARN,DARN002,FN,DARN034,
DARN,DARN002,FN,DARN047,
DARN,DARN002,FN,DARN028,
DARN,DARN002,FN,DARN010,
DARN,DARN002,FN,DARN002,
DARN,DARN002,FN,DARN021,
DARN,DARN028,HUB,DARN028,
DARN,DARN028,HUB,DARN047,
DARN,DARN015,FN/HUB,DARN015,
DARN,DARN015,FN/HUB,DARN011,
DARN,DARN015,FN/HUB,DARN001,
DARN,DARN015,FN/HUB,DARN031,
DARN,DARN015,FN/HUB,DARN033,
DARN,DARN015,FN/HUB,DARN038,
DARN,DARN015,FN/HUB,DARN016,
DARN,DARN015,FN/HUB,DARN032,
DARN,DARN015,FN/HUB,DARN030,
DARN,DARN015,FN/HUB,DARN014,
DARN,DARN015,FN/HUB,DARN004,
DARN,DARN015,FN/HUB,DARN020,
DARN,DARN015,FN/HUB,DARN036,
DARN,DARN015,FN/HUB,DARN018,
DARN,DARN015,FN/HUB,DARN012,
DARN,DARN015,FN/HUB,DARN019,
DARN,DARN015,FN/HUB,DARN003,
DARN,DARN015,FN/HUB,CHSA001,
DARN,DARN015,FN/HUB,KRIS001,
DARN,DARN015,FN/HUB,COAST045,
DARN,DARN015,FN/HUB,COAST211,
DARN,DARN016,HUB,DARN016,
DARN,DARN016,HUB,DARN032,
DARN,DARN016,HUB,DARN030,
DARN,DARN016,HUB,DARN014,
DARN,DARN016,HUB,DARN004,
DARN,DARN016,HUB,DARN036,
DARN,DARN016,HUB,DARN018,
DARN,DARN016,HUB,DARN020,
DARN,DARN016,HUB,DARN012,
DARN,DARN016,HUB,DARN019,
DARN,DARN016,HUB,DARN003,
DARN,DARN016,HUB,CHSA001,
DARN,DARN016,HUB,KRIS001,
DARN,DARN016,HUB,COAST045,
DARN,DARN016,HUB,COAST211,
DARN,DARN030,HUB,DARN030,
DARN,DARN030,HUB,DARN014,
DARN,DARN030,HUB,DARN004,
DARN,DARN030,HUB,DARN036,
DARN,DARN030,HUB,DARN018,
DARN,DARN004,HUB,DARN004,
DARN,DARN004,HUB,DARN018,
DARN,DARN004,HUB,DARN036,
DARN,DARN001,HUB,DARN001,
DARN,DARN001,HUB,DARN033,
DARN,DARN001,HUB,DARN031,
DARN,DARN012,HUB,DARN012,
DARN,DARN012,HUB,DARN019,
DARN,DARN012,HUB,DARN020,
DARN,DARN012,HUB,DARN003,
DARN,DARN012,HUB,CHSA001,
DARN,DARN012,HUB,KRIS001,
DARN,DARN012,HUB,COAST045,
DARN,DARN012,HUB,COAST211,
DARN,DARN019,HUB,DARN019,
DARN,DARN019,HUB,DARN003,
DARN,DARN019,HUB,CHSA001,
DARN,DARN019,HUB,KRIS001,
DARN,DARN019,HUB,DARN020,
DARN,DARN019,HUB,COAST045,
DARN,DARN019,HUB,COAST211,
DARN,DARN003,HUB,DARN003,
DARN,DARN003,HUB,CHSA001,
DARN,DARN003,HUB,KRIS001,
DARN,DARN003,HUB,COAST045,
DARN,DARN003,HUB,COAST211,
DARN,CHSA001,HUB,CHSA001,
DARN,CHSA001,HUB,KRIS001,
DARN,CHSA001,HUB,COAST045,
DARN,CHSA001,HUB,COAST211,
DARN,KRIS001,HUB,KRIS001,
DARN,KRIS001,HUB,COAST045,
DARN,KRIS001,HUB,COAST211,
DARN,COAST045,HUB,COAST045,
DARN,COAST045,HUB,COAST211,
DARN,DARN025,FN,DARN025,
DARN,DARN025,FN,DARN005,
DARN,DARN025,FN,DARN035,
DARN,DARN025,FN,COAST013,
DARN,DARN025,FN,COAST012,
DARN,DARN025,FN,HBIB001,
DARN,DARN025,FN,COAST203,
DARN,DARN005,HUB,DARN005,
DARN,DARN005,HUB,DARN035,
DARN,COAST013,HUB,COAST013,
DARN,COAST013,HUB,COAST012,
DARN,COAST013,HUB,HBIB001,
DARN,COAST012,HUB,COAST012,
DARN,COAST012,HUB,HBIB001,
DARN,DARNR2,FN,DARNR2,DARNR2 Region
DARN,DARNR2,FN,COAST075,
DARN,DARNR2,FN,COAST067,
DARN,DARNR2,FN,COAST014,
DARN,DARNR2,FN,OMZM001,
DARN,DARNR2,FN,DARN006,
DARN,DARNR2,FN,DARN024,
DARN,DARNR2,FN,DARN029,
DARN,DARNR2,FN,DARN040,
DARN,DARN006,FN,DARN006,
DARN,DARN006,FN,DARN040,
DARN,DARN006,FN,DARN024,
DARN,DARN006,FN,DARN029,
DARN,DARN009,FN,DARN009,DARN009 Region
DARN,DARN009,FN,DARN008,
DARN,DARN009,FN,MKHL003,
DARN,DARN009,FN,DARN023,
DARN,DARN009,FN,GOBH003,
DARN,DARN009,FN,GOBH002,
DARN,DARN009,FN,DARN022,
DARN,DARN009,FN,COAST125,
DARN,DARN009,FN,GOBH001,
DARN,DARN009,FN,CAOST011,
DARN,DARN009,FN,GOBH005,
DARN,DARN009,FN,LMLD001,
DARN,DARN009,FN,MARH001,
DARN,COAST011,HUB,COAST011,
DARN,COAST011,HUB,GOBH001,
DARN,DARN022,HUB,DARN022,
DARN,DARN022,HUB,COAST125,
DARN,COAST010,HUB,COAST010,
DARN,COAST010,HUB,COAST124,
DARN,COAST010,HUB,LMLD001,
DARN,COAST124,HUB,COAST124,
DARN,COAST124,HUB,LMLD001,
DARN,DARN008,HUB,DARN008,
DARN,DARN008,HUB,MKHL003,
DARN,COAST015,FN,COAST015,COAST015 Region
DARN,COAST015,FN,COAST081,
DARN,COAST015,FN,TMNI001,
DARN,COAST015,FN,DARN017,
DARN,COAST015,FN,MKHL002,
DARN,COAST015,FN,MKHL001,
DARN,COAST015,FN,QDBA001,
DARN,COAST016,HUB,COAST016,
DARN,COAST016,HUB,QDBA001,
DARN,COAST016,HUB,COAST015,
DARN,COAST016,HUB,COAST081,
DARN,COAST016,HUB,TMNI001,
DARN,COAST016,HUB,DARN017,
DARN,COAST016,HUB,MKHL002,
DARN,COAST016,HUB,MKHL001,
DARN,COAST017,FN/HUB,COAST017,
DARN,COAST017,FN/HUB,COAST016,
DARN,COAST017,FN/HUB,QDBA001,
DARN,COAST017,FN/HUB,COAST081,
DARN,COAST017,FN/HUB,TMNI001,
DARN,COAST017,FN/HUB,DARN017,
DARN,COAST017,FN/HUB,MRSS001,
DARN,COAST017,FN/HUB,MKHL002,
DARN,COAST017,FN/HUB,MKHL001,
DARN,DARN017,HUB,DARN017,
DARN,DARN017,HUB,MKHL002,
DARN,DARN017,HUB,MKHL001,
DARN,MKHL002,HUB,MKHL002,
DARN,MKHL002,HUB,MKHL001,
JALU,JALU001,FN,JALU001,
JALU,JALU001,FN,JALU005,
JALU,JALU001,FN,JALU007,
JALU,JALU001,FN,JALU010,
JALU,JALU002,FN,JALU002,
JALU,JALU002,FN,JALU003,
JALU,JALU002,FN,JALU004,
JALU,JALU002,FN,ADJU009,
JALU,JALU006,FN,JALU006,
JALU,JALU006,FN,JALU008,
SLOG,SLOG002,FN,SLOG002,SLOG002
SLOG,SLOG002,FN,COAST065,
SLOG,SLOG002,FN,JRTH001,
SLOG,SLOG002,FN,COAST192,
SLOG,SLOG002,FN,MGZH001,
SLOG,COAST065,HUB,COAST065,
SLOG,COAST065,HUB,JRTH001,
SLOG,SLOG001,FN,SLOG001,SLOG001
SLOG,SLOG001,FN,COAST025,
SLOG,SLOG001,FN,SLOG010,
SLOG,SLOG001,FN,SLOG007,
SLOG,SLOG001,FN,TLMN001,
SLOG,SLOG001,FN,SLOG006,
SLOG,SLOG001,FN,SLOG008,
SLOG,SLOG001,FN,SLOG005,
SLOG,SLOG001,FN,SLOG011,
SLOG,SLOG001,FN,SLOG009,
SLOG,SLOG001,FN,MSWS001,
SLOG,COAST025,HUB,COAST025,
SLOG,COAST025,HUB,QMNS002,
SLOG,COAST025,HUB,QMNS003,
SLOG,SLOG005,HUB,SLOG005,
SLOG,SLOG005,HUB,MSWS001,
SLOG,QMNS001,FN,QMNS001,
SLOG,QMNS001,FN,QMNS002,
SLOG,QMNS001,FN,QMNS003,
SURT,SURT023,FN,SURT023,
SURT,SURT023,FN,SURT010,
SURT,SURT023,FN,SURT032,
SURT,SURT023,FN,SURT037,
SURT,SURT023,FN,SURT018,
SURT,SURT023,FN,SURT015,
SURT,SURT023,FN,SURT025,
SURT,SURT023,FN,SURT043,
SURT,SURT037,HUB,SURT037,
SURT,SURT037,HUB,SURT018,
SURT,SURT015,HUB,SURT015,
SURT,SURT015,HUB,SURT025,
SURT,SURT011,FN,SURT011,
SURT,SURT011,FN,SURT004,
SURT,SURT011,FN,SURT006,
SURT,SURT011,FN,SURT033,
SURT,SURT008,FN,SURT008,
SURT,SURT008,FN,SURT038,
SURT,SURT008,FN,SURT044,
SURT,SURT008,FN,SURT040,
SURT,SURT008,FN,SURT019,
SURT,SURT008,FN,SURT020,
SURT,SURT008,FN,SURT009,
SURT,SURT008,FN,SURT026,
SURT,SURT008,FN,SURT028,
SURT,SURT008,FN,SURT031,
SURT,SURT008,FN,SURT048,
SURT,SURT008,FN,SURT029,
SURT,SURT008,FN,SURT013,
SURT,SURT038,HUB,SURT038,
SURT,SURT038,HUB,SURT040,
SURT,SURT009,HUB,SURT009,
SURT,SURT009,HUB,SURT026,
SURT,SURT009,HUB,SURT028,
SURT,SURT009,HUB,SURT031,
SURT,SURT009,HUB,SURT048,
SURT,SURT009,HUB,SURT029,
SURT,SURT009,HUB,SURT013,
SURT,SURT048,HUB,SURT048,
SURT,SURT048,HUB,SURT029,
SURT,SHA3,FN,SHA3,
SURT,SHA3,FN,SURT003,
SURT,SHA3,FN,SURT034,
SURT,SHA3,FN,SURT012,
SURT,SHA3,FN,SURT002,
SURT,SHA3,FN,SURT021,
SURT,SHA3,FN,SURT017,
SURT,SHA3,FN,SURT030,
SURT,SHA3,FN,SURT039,
SURT,SHA3,FN,GDAB001,
SURT,SHA3,FN,COAST080,
SURT,SHA3,FN,COAST040,
SURT,SHA3,FN,ANWA001,
SURT,SHA3,FN,HNWA001,
SURT,SHA3,FN,HNWA002,
SURT,SHA3,FN,SURT005,
SURT,SHA3,FN,SURT027,
SURT,SHA3,FN,SURT024,
SURT,SHA3,FN,SURT022,
SURT,SHA3,FN,SURT001,
SURT,SURT039,HUB,SURT039,
SURT,SURT039,HUB,GDAB001,
SURT,SURT039,HUB,COAST080,
SURT,SURT039,HUB,COAST040,
SURT,SURT039,HUB,ANWA001,
SURT,SURT039,HUB,HNWA001,
SURT,SURT039,HUB,HNWA002,
SURT,COAST040,HUB,COAST040,
SURT,COAST040,HUB,ANWA001,
SURT,COAST040,HUB,HNWA001,
SURT,COAST039,FN,COAST039,
SURT,COAST039,FN,COAST055,
SURT,COAST039,FN,COASTR3,
SURT,COAST039,FN,COAST079,
SURT,COAST039,FN,AMRA001,
SURT,COAST039,FN,HRAWGP,
SURT,COAST039,FN,HRAW-R1,
SURT,COAST039,FN,HRAW001,
SURT,GDAB001,HUB,GDAB001,
SURT,GDAB001,HUB,HNWA002,
SURT,HRAWGP,HUB,HRAWGP,
SURT,HRAWGP,HUB,HRAW-R1,
SURT,HRAWGP,HUB,HRAW001,
SURT,HRAW-R1,HUB,HRAW-R1,
SURT,HRAW-R1,HUB,HRAW001,
SURT,COASTR3,HUB,COASTR3,
SURT,COASTR3,HUB,COAST079,
SURT,SURT007,FN,SURT007,
SURT,SURT007,FN,SURT036,
SURT,SURT007,FN,SURT042,
SURT,SURT007,FN,SURT041,
SURT,SURT007,FN,SURT035,
SURT,SURT007,FN,SURT016,
SURT,SURT007,FN,GBEB001,
SURT,SURT007,FN,COAST041,
SURT,SURT007,FN,GBEB002,
SURT,SURT007,FN,GBEB003,
SURT,SURT007,FN,SURT014,
SURT,SURT041,HUB,SURT041,
SURT,SURT041,HUB,SURT035,
SURT,SURT041,HUB,SURT016,
SURT,SURT035,HUB,SURT035,
SURT,SURT035,HUB,SURT016,
SURT,GBEB001,HUB,GBEB001,
SURT,GBEB001,HUB,COAST041,
SURT,GBEB001,HUB,GBEB002,
SURT,GBEB001,HUB,GBEB003,
SURT,GBEB001,HUB,SURT014,
SURT,COAST041,HUB,COAST041,
SURT,COAST041,HUB,GBEB002,
SURT,COAST041,HUB,GBEB003,
SURT,COAST041,HUB,SURT014,
SURT,SURT005,HUB,SURT005,
SURT,SURT005,HUB,SURT024,
SURT,SURT005,HUB,SURT001,
SURT,SURT005,HUB,SURT027,
SURT,SURT005,HUB,SURT022,
SURT,SURT027,HUB,SURT027,
SURT,SURT027,HUB,SURT022,
SURT,SURT024,HUB,SURT024,
SURT,SURT024,HUB,SURT001,
SURT,NFLYA001,FN,NFLYA001,NFLYA Region
SURT,NFLYA001,FN,COAST037,
SURT,NFLYA001,FN,SURT045,
SURT,NFLYA001,FN,COAST078,
SURT,NFLYA001,FN,COAST038,
SURT,NFLYA001,FN,COASTR4,
SURT,COAST037,HUB,COAST037,
SURT,COAST037,HUB,COAST078,
SURT,COAST037,HUB,SURT045,
SURT,COAST037,HUB,COAST038,
SURT,COAST037,HUB,COASTR4,
SURT,BJWDGP,FN,BJWDGP,BJWD Region
SURT,BJWDGP,FN,COAST036,
SURT,BJWDGP,FN,BJWD001,
SURT,BJWDGP,FN,COASTR1,
SURT,BJWDGP,FN,COAST057,
SURT,BJWDGP,FN,BJWD002,
SURT,COASTR1,HUB,COASTR1,
SURT,COASTR1,HUB,COAST057,
SURT,ALNF001,FN,ALNF001,Ras Lanouf Region
SURT,ALNF001,FN,COAST034,
SURT,ALNF001,FN,ALNF002,
SURT,ALNF001,FN,COAST033,
SURT,ALNF001,FN,COAST035,
SURT,COAST034,HUB,COAST034,
SURT,COAST034,HUB,ALNF002,
SURT,COAST034,HUB,COAST033,
SURT,COAST034,HUB,COAST035,
SURT,WDBD007,FN,WDBD007,
SURT,WDBD007,FN,WDBD008,
TBRK,TBRK011,FN,TBRK011,TBRK011 Region
TBRK,TBRK011,FN,TBRK029,
TBRK,TBRK011,FN,TBRK018,
TBRK,TBRK011,FN,TBRK016,
TBRK,TBRK011,FN,TBRK027,
TBRK,TBRK011,FN,TBRK030,
TBRK,TBRK011,FN,TBRK046,
TBRK,TBRK011,FN,TBRK008,
TBRK,TBRK011,FN,TBRK035,
TBRK,TBRK029,HUB,TBRK029,
TBRK,TBRK029,HUB,TBRK018,
TBRK,TBRK029,HUB,TBRK016,
TBRK,TBRK008,HUB,TBRK008,
TBRK,TBRK008,HUB,TBRK046,
TBRK,TBRK010,FN,TBRK010,
TBRK,TBRK010,FN,TBRK013,
TBRK,TBRK010,FN,TBRK019,
TBRK,TBRK010,FN,TBRK025,
TBRK,TBRK010,FN,TBRK026,
TBRK,TBRK010,FN,TBRK022,
TBRK,TBRK010,FN,TBRK001,
TBRK,TBRK010,FN,TBRK017,
TBRK,TBRK010,FN,TBRK045,
TBRK,TBRK010,FN,TBRK023,
TBRK,TBRK010,FN,TBRK039,
TBRK,TBRK010,FN,TBRK044,
TBRK,TBRK010,FN,TBRK047,
TBRK,TBRK010,FN,TBRK043,
TBRK,TBRK010,FN,TBRK024,
TBRK,TBRK010,FN,TBRK042,
TBRK,TBRK010,FN,TBRK021,
TBRK,TBRK010,FN,TBRK038,
TBRK,TBRK010,FN,TBRK006,
TBRK,TBRK010,FN,TBRK049,
TBRK,TBRK010,FN,COAST068,
TBRK,TBRK026,HUB,TBRK026,
TBRK,TBRK026,HUB,TBRK022,
TBRK,TBRK027,FN,TBRK027,
TBRK,TBRK027,HUB,TBRK030,
TBRK,TBRK027,HUB,TBRK035,
TBRK,TBRK027,HUB,TBRK008,
TBRK,TBRK001,FN,TBRK001,
TBRK,TBRK001,HUB,TBRK045,
TBRK,TBRK001,HUB,TBRK017,
TBRK,TBRK044,HUB,TBRK044,
TBRK,TBRK044,HUB,TBRK043,
TBRK,TBRK019,FN,TBRK019,
TBRK,TBRK019,HUB,TBRK025,
TBRK,TBRK019,HUB,TBRK013,
TBRK,TBRK006,HUB,TBRK006,
TBRK,TBRK006,HUB,COAST068,
TBRK,TBRK012,FN,TBRK012,
TBRK,TBRK012,FN,TBRK041,
TBRK,TBRK012,FN,TBRK003,
TBRK,TBRK012,FN,TBRK050,
TBRK,TBRK012,FN,TBRK032,
TBRK,TBRK012,FN,TBRK007,
TBRK,TBRK012,FN,TBRK031,
TBRK,TBRK012,FN,TBRK002,
TBRK,TBRK012,FN,TBRK037,
TBRK,TBRK031,HUB,TBRK031,
TBRK,TBRK031,HUB,TBRK002,
TBRK,TBRK032,HUB,TBRK032,
TBRK,TBRK032,HUB,TBRK007,
TBRK,TBRK015,FN,TBRK015,
TBRK,TBRK015,FN,TBRK014,
TBRK,TBRK015,FN,TBRK028,
TBRK,TBRK009,FN,TBRK009,
TBRK,TBRK009,FN,TBRK040,
TBRK,TBRK009,FN,TBRK020,
TBRK,TBRK005,FN,TBRK005,
TBRK,TBRK005,FN,TBRK004,
TBRK,TBRK005,FN,TBRK034,
TBRK,TBRK005,FN,ABDN001,
TBRK,TBRK005,FN,TBRK036,
TBRK,TBRK005,FN,ABDN002,
TBRK,TBRK005,FN,COAST069,
TBRK,TBRK005,FN,TBRK048,
TBRK,TBRK005,FN,TBRK033,
TBRK,TBRK005,FN,COAST018,
TBRK,TBRK005,FN,QARH001,
TBRK,TBRK004,HUB,TBRK004,
TBRK,TBRK004,HUB,ABDN002,
TBRK,TBRK004,HUB,COAST069,
TBRK,TBRK004,HUB,TBRK033,
TBRK,TBRK004,HUB,COAST018,
TBRK,TBRK004,HUB,QARH001,
TBRK,ABDN001,FN,ABDN001,
TBRK,ABDN001,FN,ABDN002,
TBRK,ABDN001,FN,ABDN003,
TBRK,COAST018,HUB,COAST018,
TBRK,COAST018,HUB,QARH001,
TBRK,COAST023,FN,COAST023,COAST023 Region
TBRK,COAST023,FN,COAST050,
TBRK,COAST023,FN,COAST022,
TBRK,COAST023,FN,BDIY001,
TBRK,COAST023,FN,COAST021,
TBRK,COAST023,FN,COAST062,
TBRK,COAST023,FN,RKBA001,
TBRK,COAST022,HUB,COAST022,
TBRK,COAST022,HUB,BDIY001,
TBRK,COAST022,HUB,COAST021,
TBRK,COAST022,HUB,RKBA001,
TBRK,COAST021,HUB,COAST021,
TBRK,COAST021,HUB,RKBA001,
TBRK,COAST020,FN,COAST020,
TBRK,COAST020,FN,ZNZU001,
TBRK,COAST020,FN,ZNZU003,
TBRK,COAST020,FN,ZNZU002,
TBRK,COAST020,FN,JADI001,
TBRK,COAST020,FN,COAST019,
TBRK,ZNZU001,HUB,ZNZU001,
TBRK,ZNZU001,HUB,ZNZU003,
TBRK,JGBB-GP,FN,JGBB-GP,
TBRK,JGBB-GP,FN,JGBB001,
BGZ,BGZ019,FN,BGZ168,
BGZ,BGZ019,FN,BGZ083,
BGZ,BGZ019,FN,BGZ033 (SELMANI),
BGZ,BGZ019,FN,BGZ102 ( SELMANI),
SHAT,BYDA007,FN,SHAT005,
SHAT,BYDA007,FN,COAST197,
SHAT,BYDA008 (FTTS),FN,BYDA008,
SHAT,BYDA007,FN,BYDA029,
SHAT,BYDA007,FN,BYDA037,
SHAT,BYDA007,FN,BYDA045,
SHAT,BYDA007,FN,BYDA036,
SHAT,COAST009,FN,COAST009(FN),
SHAT,SUSA001,FN,SUSA001(FN),
BYDA,BYDA017,FN,BYDA017(FN),BYDA Region
BYDA,BYDA023 (FTTS),FN,BYDA023,
DARN,DARN015,FN/HUB,DARN015(FN),
DARN,DARNR2,FN,DARN006(FN),
DARN,DARN009,FN,DARN009(FN),DARN009 Region
DARN,COAST017,FN/HUB,COAST017(FN),
TBRK,TBRK010,FN,TBRK010(FN),
TBRK,COAST023,FN,COAST023(FN),COAST023 Region
SOUTH,ADIRI001,FN,ADIRI001,FN/ADIRI001
SOUTH,ADIRI001,FN,ADIRI003,
SOUTH,ADIRI001,FN,ADIRI002,
SOUTH,ADIRI001,FN,ARBK001,
SOUTH,ARBK001,HUB,ARBK001,
SOUTH,ARBK001,HUB,ARBK013,
SOUTH,ARBK002,FN,ARBK009,FN/ARBK002
SOUTH,ARBK002,FN,ARBK014,
SOUTH,ARBK002,FN,ARBK002,
SOUTH,ARBK002,FN,ZHRA001,
SOUTH,ARBK003,FN,ARBK003,FN/ARBK003
SOUTH,ARBK003,FN,ARBK007,
SOUTH,ARBK003,FN,ARBK010,
SOUTH,ARBK003,FN,ARBK015,
SOUTH,ARBK003,FN,ARBK006,
SOUTH,ARBK003,FN,ARBK012,
SOUTH,ARBK003,FN,ARBK004,
SOUTH,BRAK001,FN,BRAK001,FN/BRAK001
SOUTH,BRAK001,FN,BRAK002,
SOUTH,BRAK001,FN,BRAK006,
SOUTH,BRAK001,FN,BRAK007,
SOUTH,BRAK001,FN,BRAK008,
SOUTH,BRAK001,FN,BRAK009,
SOUTH,BRAK001,FN,BRAK010,
SOUTH,BRAK001,FN,BRAK011,
SOUTH,BRAK001,FN,BRAK012,
SOUTH,BRAK001,FN,BRAK023,
SOUTH,BRAK001,FN,BRAK024,
SOUTH,BRAK001,FN,BRAK013,
SOUTH,BRAK001,FN,BRAK004,
SOUTH,BRAK001,FN,ARBK011,
SOUTH,BRAK001,FN,BRAK020,
SOUTH,BRAK001,FN,BRAK017,
SOUTH,BRAK001,FN,BRAK018,
SOUTH,BRAK001,FN,BRAK014,
SOUTH,BRAK001,FN,BRAK015,
SOUTH,BRAK001,FN,BRAK003,
SOUTH,BRAK001,FN,BRAK019,
SOUTH,BRAK001,FN,BRAK016,
SOUTH,BRAK001,FN,BRAK021,
SOUTH,BRAK001,FN,BRAK022,
SOUTH,BRAK002,HUB,BRAK002,
SOUTH,BRAK002,HUB,ARBK011,
SOUTH,BRAK002,HUB,BRAK018,
SOUTH,BRAK011,HUB,BRAK011,
SOUTH,BRAK011,HUB,BRAK014,
SOUTH,BRAK011,HUB,BRAK015,
SOUTH,BRAK011,HUB,BRAK016,
SOUTH,BRAK011,HUB,BRAK003,
SOUTH,BRAK003,HUB,BRAK003,
SOUTH,BRAK003,HUB,BRAK016,
SOUTH,GHAT001,FN,GHAT001,FN/GHAT001
SOUTH,GHAT001,FN,GHAT002,
SOUTH,GHAT001,FN,GHAT008,
SOUTH,GHAT001,FN,GHAT003,
SOUTH,GHAT001,FN,GHAT010,
SOUTH,GHAT001,FN,GHAT004,
SOUTH,GHAT001,FN,GHAT006,
SOUTH,GHAT001,FN,GHAT007,
SOUTH,GHAT001,FN,GHAT009,
SOUTH,GHAT001,FN,GHAT005,
SOUTH,GHAT002,HUB,GHAT002,
SOUTH,GHAT002,HUB,GHAT005,
SOUTH,GHAT003,HUB,GHAT002,
SOUTH,GHAT003,HUB,GHAT010,
SOUTH,GHAT003,HUB,GHAT008,
SOUTH,GHAT003,HUB,GHAT005,
SOUTH,GHAT003,HUB,GHAT003,
SOUTH,GHAT003,HUB,GHAT007,
SOUTH,GHAT003,HUB,GHAT004,
SOUTH,HONE001,FN,HONE001,FN/HONE001
SOUTH,HONE001,FN,HONE002,
SOUTH,HONE001,FN,HONE006,
SOUTH,HONE001,FN,HONE003,
SOUTH,HONE001,FN,HONE004,
SOUTH,HONE001,FN,HONE005,
SOUTH,HONE001,FN,SKNA001,
SOUTH,HONE001,FN,SKN002,
SOUTH,HONE001,FN,SKN004,
SOUTH,HONE001,FN,SKN003,
SOUTH,HONE001,FN,FJAN001,
SOUTH,HONE001,FN,AFIA001,
SOUTH,HONE001,FN,WDAN002,
SOUTH,HONE001,FN,WDAN001,
SOUTH,HONE001,FN,WDAN003,
SOUTH,HONE001,FN,WDAN004,
SOUTH,HONE001,FN,WDHN001,
SOUTH,WDAN002,HUB,WDAN002,
SOUTH,WDAN002,HUB,WDAN001,
SOUTH,WDAN002,HUB,WDAN004,
SOUTH,WDAN002,HUB,WDAN003,
SOUTH,SKNA001,HUB,SKNA001,
SOUTH,SKNA001,HUB,FJAN001,
SOUTH,SKNA001,HUB,SKNA002,
SOUTH,SKNA001,HUB,SKNA003,
SOUTH,SKNA001,HUB,SKNA004,
SOUTH,MRAW006,FN,MRAW006,FN/MRAW006
SOUTH,MRAW006,FN,MRAW005,
SOUTH,MRAW006,FN,MRAW012,
SOUTH,MRAW006,FN,MRAW010,
SOUTH,MRAW006,FN,MRAW003,
SOUTH,MRAW006,FN,MRAW009,
SOUTH,MRAW006,FN,HMAN001,
SOUTH,MRAW006,FN,MRAW001,
SOUTH,MRAW006,FN,MRAW002,
SOUTH,MRAW005,HUB,MRAW005,
SOUTH,MRAW005,HUB,MRAW003,
SOUTH,MRAW001,HUB,MRAW001,
SOUTH,MRAW001,HUB,MRAW010,
SOUTH,MRAW001,HUB,HMAN001,
SOUTH,MRZQ003,FN,MRZQ003,FN/MRZQ003
SOUTH,MRZQ003,FN,MRZQ008,
SOUTH,MRZQ003,FN,MRZQ018,
SOUTH,MRZQ003,FN,MRZQ002,
SOUTH,MRZQ003,FN,MRZQ020,
SOUTH,MRZQ003,FN,MRZQ006,
SOUTH,MRZQ003,FN,MRZQ016,
SOUTH,MRZQ005,FN,MRZQ007,FN/MRZQ005
SOUTH,MRZQ005,FN,MRZQ001,
SOUTH,MRZQ005,FN,MRZQ014,
SOUTH,MRZQ005,FN,MRZQ005,
SOUTH,MRZQ005,FN,MRZQ024,
SOUTH,MRZQ005,FN,MRZQ023,
SOUTH,MRZQ005,FN,MRZQ026,
SOUTH,MRZQ005,FN,MRZQ022,
SOUTH,MRZQ005,FN,BDAN001,
SOUTH,MRZQ005,FN,MRZQ021,
SOUTH,MRZQ005,FN,MRZQ012,
SOUTH,MRZQ005,FN,MRZQ004,
SOUTH,MRZQ005,FN,MRZQ009,
SOUTH,MRZQ005,FN,MRZQ010,
SOUTH,MRZQ005,FN,MRZQ017,
SOUTH,MRZQ005,FN,MRZQ011,
SOUTH,MRZQ007,HUB,MRZQ007,
SOUTH,MRZQ007,HUB,MRZQ014,
SOUTH,MRZQ009,HUB,MRZQ009,
SOUTH,MRZQ009,HUB,MRZQ011,
SOUTH,MRZQ004,HUB,MRZQ007,
SOUTH,MRZQ004,HUB,MRZQ001,
SOUTH,MRZQ004,HUB,MRZQ023,
SOUTH,MRZQ004,HUB,MRZQ014,
SOUTH,MRZQ004,HUB,BDAN001,
SOUTH,MRZQ004,HUB,MRZQ004,
SOUTH,SBAW010,FN,SBAW010,FN/SBAW010
SOUTH,SBAW010,FN,SBAW001,
SOUTH,SBAW010,FN,SBAW013,
SOUTH,SBAW010,FN,SBAW024,
SOUTH,SBAW010,FN,SBAW019,
SOUTH,SBAW010,FN,SBAW023,
SOUTH,SBAW010,FN,SBAW009,
SOUTH,SBAW010,FN,SBAW002,
SOUTH,SBAW010,FN,SBAW016,
SOUTH,SBAW010,FN,SBAW003,
SOUTH,SBAW010,FN,SBAW018,
SOUTH,SBAW002,HUB,SBAW002,
SOUTH,SBAW002,HUB,SBAW001,
SOUTH,SBAW002,HUB,SBAW013,
SOUTH,SBAW002,HUB,SBAW019,
SOUTH,SBAW002,HUB,SBAW016,
SOUTH,SBAW001,HUB,SBAW001,
SOUTH,SBAW001,HUB,SBAW013,
SOUTH,SBAW001,HUB,SBAW019,
SOUTH,AWBR007,FN,AWBR007,FN/AWBR007
SOUTH,AWBR007,FN,SBAW005,
SOUTH,AWBR007,FN,JAMH001,
SOUTH,AWBR007,FN,JAMH002,
SOUTH,AWBR007,FN,JAMH003,
SOUTH,AWBR007,FN,SBAW021,
SOUTH,AWBR007,FN,AWBR016,
SOUTH,AWBR007,FN,SBAW006,
SOUTH,AWBR007,FN,SBAW011,
SOUTH,AWBR007,FN,AWBR005,
SOUTH,AWBR007,FN,AWBR002,
SOUTH,AWBR007,FN,SBAW004,
SOUTH,AWBR007,FN,AWBR014,
SOUTH,AWBR007,FN,SBAW012,
SOUTH,AWBR005,HUB,AWBR005,
SOUTH,AWBR005,HUB,JAMH001,
SOUTH,AWBR005,HUB,JAMH002,
SOUTH,AWBR005,HUB,JAMH003,
SOUTH,AWBR005,HUB,SBAW006,
SOUTH,AWBR005,HUB,SBAW011,
SOUTH,AWBR005,HUB,SBAW012,
SOUTH,AWBR005,HUB,SBAW004,
SOUTH,SBAW006,HUB,SBAW006,
SOUTH,SBAW006,HUB,SBAW004,
SOUTH,SBAW006,HUB,SBAW012,
SOUTH,JAMH003,HUB,JAMH003,
SOUTH,JAMH003,HUB,SBAW011,
SOUTH,SBHN011,HUB,SBHN011,X
SOUTH,SBHN011,HUB,SBHN019,
SOUTH,SBHN011,HUB,SBHN010,
SOUTH,SBHN011,HUB,SBHN017,
SOUTH,SBHN012,HUB,SBHN011,
SOUTH,SBHN012,HUB,SBHN010,
SOUTH,SBHN012,HUB,SBHN018,
SOUTH,SBHN012,HUB,SBHN017,
SOUTH,SBHN012,HUB,SBHN019,
SOUTH,SBHN012,HUB,SBHN012,
SOUTH,SBHN012,HUB,SEB017,
SOUTH,SBHN012,HUB,SEB018,
SOUTH,SBHN012,HUB,SEB020,
SOUTH,SEB017,HUB,SEB017,
SOUTH,SEB017,HUB,SEB020,
SOUTH,SEB007,FN,SEB007_1,
SOUTH,SEB007,FN,SEB007_2,
SOUTH,SEB007,FN,SEB004,
SOUTH,SEB007,FN,SEB008,
SOUTH,SEB007,FN,SEB009,
SOUTH,SEB007,FN,SEB013,
SOUTH,SEB007,FN,SEB021,
SOUTH,SEB007,FN,SEB025,
SOUTH,SEB007,FN,SEB028,
SOUTH,SEB007,FN,SEB030,
SOUTH,SEB007,FN,SEB039,
SOUTH,SEB007,FN,SEB041,
SOUTH,SEB007,FN,SEB042,
SOUTH,SEB007,FN,SBHN011,
SOUTH,SEB007,FN,SBHN019,
SOUTH,SEB007,FN,SBHN010,
SOUTH,SEB007,FN,SBHN017,
SOUTH,SEB007,FN,SBHN012,
SOUTH,SEB007,FN,SEB017,
SOUTH,SEB007,FN,SEB018,
SOUTH,SEB007,FN,SEB020,
SOUTH,SEB007,FN,SEB053,
SOUTH,SEB007,FN,SEB054,
SOUTH,SEB007,FN,SEB077,
SOUTH,SEB007,FN,SBAW007,
SOUTH,SEB007,FN,SBAW008,
SOUTH,SEB007,FN,SEB001,
SOUTH,SEB007,FN,SEB002,
SOUTH,SEB007,FN,SEB003,
SOUTH,SEB007,FN,SEB014,
SOUTH,SEB007,FN,SEB050,
SOUTH,SEB007,FN,SEB051,
SOUTH,SEB007,FN,SEB078,
SOUTH,SEB007,FN,SEB058,
SOUTH,SEB007,FN,SEB083,
SOUTH,SEB007,FN,SEB012,
SOUTH,SEB007,FN,SEB072,
SOUTH,SEB007,FN,SEB047,
SOUTH,SEB007,FN,SEB043,
SOUTH,SEB007,FN,SEB034,
SOUTH,SEB007,FN,SEB084,
SOUTH,SEB007,FN,SEB024,
SOUTH,SEB007,FN,SEB037,
SOUTH,SEB007,FN,SBHN018,
SOUTH,SEB007,FN,SEB023,
SOUTH,SEB007,FN,SEB049,
SOUTH,SEB007,FN,SEB071,
SOUTH,SEB007,FN,SEB076,
SOUTH,SEB007,FN,SEB081,
SOUTH,SEB007,FN,SEB052,
SOUTH,SEB007,FN,SEB080,
SOUTH,SEB007,FN,SEB005,
SOUTH,SEB007,FN,SEB038,
SOUTH,SEB007,FN,SEB022,
SOUTH,SEB007,FN,SEB031,
SOUTH,SEB007,FN,SEB036,
SOUTH,SEB007,FN,SEB044,
SOUTH,SEB007,FN,SEB019,
SOUTH,SEB007,FN,SEB011,
SOUTH,SEB007,FN,SEB016,
SOUTH,SEB007,FN,SEB027,
SOUTH,SEB007,FN,SEB040,
SOUTH,SEB007,FN,SEB057,
SOUTH,SEB007,FN,SEB048,
SOUTH,SEB007,FN,SEB056,
SOUTH,SEB007,FN,SEB070,
SOUTH,SEB007,FN,SEB065,
SOUTH,SEB007,FN,SEB060,
SOUTH,SEB007,FN,SEB062,
SOUTH,SEB007,FN,SEB079,
SOUTH,SEB007,FN,SEB061,
SOUTH,SEB007,FN,SEB063,
SOUTH,SEB007,FN,SEB067,
SOUTH,SEB007,FN,SEB069,
SOUTH,SEB007,FN,SEB074,
SOUTH,SEB007,FN,SEB073,
SOUTH,SEB007,FN,SEB068,
SOUTH,SEB007,FN,SEB066,
SOUTH,SEB007,FN,SEB035,
SOUTH,SEB007,FN,SEB033,
SOUTH,SEB007,FN,SEB045,
SOUTH,SEB007,FN,SEB006,
SOUTH,SEB007,FN,SEB015,
SOUTH,SEB007,FN,SEB055,
SOUTH,SEB007,FN,SEB032,
SOUTH,SEB007,FN,SEB029,
SOUTH,SEB007,FN,SEB046,
SOUTH,SBAW007,HUB,SBAW007,
SOUTH,SBAW007,HUB,SBAW014,
SOUTH,SBAW007,HUB,SBAW008,
SOUTH,SEB012,HUB,SEB012,
SOUTH,SEB012,HUB,SEB047,
SOUTH,SEB012,HUB,SEB073,
SOUTH,SEB012,HUB,SEB043,
SOUTH,SEB012,HUB,SEB034,
SOUTH,SEB037,HUB,SEB037,
SOUTH,SEB037,HUB,SEB077,
SOUTH,SEB037,HUB,SEB049,
SOUTH,SEB037,HUB,SEB052,
SOUTH,SEB037,HUB,SEB005,
SOUTH,SEB038,HUB,SEB038,
SOUTH,SEB038,HUB,SEB072,
SOUTH,SEB038,HUB,SEB076,
SOUTH,SEB038,HUB,SEB022,
SOUTH,SEB038,HUB,SEB067,
SOUTH,SEB038,HUB,SEB031,
SOUTH,SEB036,HUB,SEB036,
SOUTH,SEB036,HUB,SEB080,
SOUTH,SEB036,HUB,SEB071,
SOUTH,SEB036,HUB,SEB044,
SOUTH,SEB036,HUB,SEB019,
SOUTH,SEN044,HUB,SEB044,
SOUTH,SEN044,HUB,SEB019,
SOUTH,SEB011,HUB,SEB011,
SOUTH,SEB011,HUB,SEB016,
SOUTH,SEB011,HUB,SEB048,
SOUTH,SEB011,HUB,SEB027,
SOUTH,SEB011,HUB,SEB040,
SOUTH,SEB010,HUB,SEB010,
SOUTH,SEB010,HUB,SEB057,
SOUTH,SEB010,HUB,SEB056,
SOUTH,SEB010,HUB,SEB024,
SOUTH,SEB010,HUB,SEB023,
SOUTH,SEB010,HUB,SEB081,
SOUTH,SEB010,HUB,SEB035,
SOUTH,SEB010,HUB,SEB033,
SOUTH,SEB010,HUB,SEB045,
SOUTH,SEB010,HUB,SEB006,
SOUTH,SEB021,HUB,SEB021,
SOUTH,SEB021,HUB,SEB015,
SOUTH,SEB021,HUB,SEB055,
SOUTH,SEB021,HUB,SEB032,
SOUTH,SEB041,HUB,SEB041,
SOUTH,SEB041,HUB,SEB061,
SOUTH,SEB041,HUB,SEB084,
SOUTH,SEB041,HUB,SEB029,
SOUTH,SEB041,HUB,SEB046,
SOUTH,SEB025,HUB,SEB025,
SOUTH,SEB025,HUB,SEB074,
SOUTH,ZWLA002,FN,ZWLA002,FN/ ZWLA002
SOUTH,ZWLA002,FN,ZWLA005,
SOUTH,ZWLA002,FN,ZWLA003,
SOUTH,ZWLA002,FN,ZWLA007,
SOUTH,ZWLA002,FN,ZWLA006,
SOUTH,ZWLA001,FN,ZWLA001,FN/ ZWLA001
SOUTH,ZWLA001,FN,ZWLA004,
SOUTH,ZWLA001,FN,MJDL001,
SOUTH,ZWLA001,FN,TRBU001,
SOUTH,ZWLA001,FN,MJGA001,
SOUTH,ZWLA001,FN,MJGA002,
SOUTH,ZWLA001,FN,GATN001,
SOUTH,ZWLA001,FN,GATN003,
SOUTH,ZWLA001,FN,GATN002,
SOUTH,ZWLA001,FN,GATN005,
SOUTH,ZWLA001,FN,GATJ001,
SOUTH,ZWLA001,FN,TJH001,
SOUTH,ZWLA001,FN,TMZW002,
SOUTH,ZWLA001,FN,TMSA001,
SOUTH,MJDL001,HUB,MJDL001,
SOUTH,MJDL001,HUB,TRBU001,
SOUTH,MJDL001,HUB,MJGA001,
SOUTH,MJDL001,HUB,MJGA002,
SOUTH,MJDL001,HUB,GATN001,
SOUTH,MJDL001,HUB,GATN007,
SOUTH,MJDL001,HUB,GATN009,
SOUTH,MJDL001,HUB,GATN003,
SOUTH,MJDL001,HUB,GATN002,
SOUTH,MJDL001,HUB,GATN005,
SOUTH,MJDL001,HUB,GATJ001,
SOUTH,MJDL001,HUB,TJH001,
SOUTH,MJGA001,HUB,MJGA001,
SOUTH,MJGA001,HUB,MJGA002,
SOUTH,MJGA001,HUB,GATN001,
SOUTH,MJGA001,HUB,GATN003,
SOUTH,MJGA001,HUB,GATN002,
SOUTH,MJGA001,HUB,GATN005,
SOUTH,MJGA001,HUB,GATN007,
SOUTH,MJGA001,HUB,GATN009,
SOUTH,MJGA001,HUB,GATJ001,
SOUTH,MJGA001,HUB,TJH001,
SOUTH,MJGA002,HUB,MJGA002,
SOUTH,MJGA002,HUB,GATN001,
SOUTH,MJGA002,HUB,GATN003,
SOUTH,MJGA002,HUB,GATN002,
SOUTH,MJGA002,HUB,GATN005,
SOUTH,MJGA002,HUB,GATN007,
SOUTH,MJGA002,HUB,GATN009,
SOUTH,MJGA002,HUB,GATJ001,
SOUTH,MJGA002,HUB,TJH001,
SOUTH,GATN001,FN,GATN001,
SOUTH,GATN001,FN,GATN003,
SOUTH,GATN001,FN,GATN002,
SOUTH,GATN001,FN,GATN005,
SOUTH,GATN001,FN,GATN008,
SOUTH,GATN001,FN,GATJ001,
SOUTH,GATN001,FN,TJH001,
SOUTH,GATN001,FN,GATN007,
SOUTH,GATN001,FN,GATN009,
SOUTH,GATN001,FN,GATN006,
SOUTH,GATN001,FN,GATN004,
SOUTH,GATN003,HUB,GATN003,
SOUTH,GATN003,HUB,GATN002,
SOUTH,GATN003,HUB,GATN005,
SOUTH,GATN003,HUB,GATJ001,
SOUTH,GATN003,HUB,TJH001,
SOUTH,GATJ001,HUB,GATJ001,
SOUTH,GATJ001,HUB,TJHY001,
SOUTH,TMZW002,HUB,TMZW002,
SOUTH,TMZW002,HUB,TMSA001,
SOUTH,AWBR001,FN,AWBR001,FN/AWBR001
SOUTH,AWBR001,FN,AWBR006,
SOUTH,AWBR001,FN,AWBR015,
SOUTH,AWBR001,FN,AWBR003,
SOUTH,AWBR001,FN,AWBR004,
SOUTH,AWBR001,FN,AWBR009,
SOUTH,AWBR001,FN,AWBR010,
SOUTH,AWBR001,FN,AWBR011,
SOUTH,GDWA002,FN,GDWA002,FN/GDWA002
SOUTH,GDWA002,FN,GDWA001,
SOUTH,GDWA002,FN,GDWA003,
SOUTH,SBAW012,HUB,SBAW012,FN/SBAW010
SOUTH,SBAW012,HUB,SBAW024,
SOUTH,MRZQ001,HUB,MRZQ001,FN/MRZQ005
SOUTH,MRZQ001,HUB,MRZQ021,
SOUTH,MZBK006,FN,MZBK006,FN/MZBK006
SOUTH,MZBK006,FN,MZBK019,
SOUTH,AWBR005,HUB,AWBR016,
SOUTH,SBAW005,HUB,SBAW05,FN/AWBR007
SOUTH,SBAW005,HUB,JAMH003,
SOUTH,SBAW005,HUB,SBAW011,
SOUTH,SBAW005,HUB,SBAW004,
SOUTH,SBAW005,HUB,SBAW012,
SOUTH,SBAW005,HUB,SBAW024,
SOUTH,SBAW005,HUB,SBAW021,
SOUTH,SBAW005,HUB,SBAW006,
SOUTH,ZILH001,FN,ZILH002,FN/ZILH001
SOUTH,ZILH001,FN,ZILH001,
SOUTH,SHRAR001,FH,SHRAR004,FN/SHRAR001
SOUTH,SHRAR001,FH,SHRAR001,
SOUTH,NAHR002,FH,GHLN002,FN/NAHR002
SOUTH,NAHR002,FH,NAHR002,
